AGLOMERADO,TASA_DESOCUPACION
13,9.81418010014373
32,6.565329241120008
